index,Metal,Title,Headline,Ref Link,Location,Date,Time,Date-Time
0,Aluminium,LIVE FUTURES REPORT 17/01, SHFE base metals prices mixed amid trade uncertainty; Ni drops 2.1%,https://metalbulletin.com/Article/3914412/Aluminium/LIVE-FUTURES-REPORT-1701-SHFE-base-metals-prices-mixed-amid-trade-uncertainty-Ni-drops-21.html,Shanghai,2020-01-17,05:13,2020-01-17 05:13:00
1,Aluminium,IN CASE YOU MISSED IT, 5 key stories from January 16,https://metalbulletin.com/Article/3914401/Aluminium/IN-CASE-YOU-MISSED-IT-5-key-stories-from-January-16.html,New York,2020-01-17,00:05,2020-01-17 00:05:00
2,Aluminium,"US, EU, Japan tackle subsidies; aluminium trade groups upbeat","US, EU, Japan tackle subsidies; aluminium trade groups upbeat",https://metalbulletin.com/Article/3914405/Aluminium/US-EU-Japan-tackle-subsidies-aluminium-trade-groups-upbeat.html,New York,2020-01-16,23:07,2020-01-16 23:07:00
3,Aluminium,LIVE FUTURES REPORT 16/01, LME nickel price tumbles 3.5%; tin gathers momentum,https://metalbulletin.com/Article/3914378/Aluminium/LIVE-FUTURES-REPORT-1601-LME-nickel-price-tumbles-35-tin-gathers-momentum.html,London,2020-01-16,18:32,2020-01-16 18:32:00
4,Aluminium,LIVE FUTURES REPORT 16/01," LME lead breaches $2,000/t in 2% price surge; zinc back above $2,400/t",https://metalbulletin.com/Article/3914217/Aluminium/LIVE-FUTURES-REPORT-1601-LME-lead-breaches-2000t-in-2-price-surge-zinc-back-above-2400t.html,London,2020-01-16,10:32,2020-01-16 10:32:00
5,Aluminium,AT A GLANCE," South32 Hillside, Mozal H1 2020 aluminium output strong despite load shedding ",https://metalbulletin.com/Article/3914215/Aluminium/AT-A-GLANCE-South32-Hillside-Mozal-H1-2020-aluminium-output-strong-despite-load-shedding.html,London,2020-01-16,10:25,2020-01-16 10:25:00
6,Aluminium,LIVE FUTURES REPORT 16/01," SHFE base metal prices broadly strengthen after US, China sign trade deal; copper little changed",https://metalbulletin.com/Article/3914202/Aluminium/LIVE-FUTURES-REPORT-1601-SHFE-base-metal-prices-broadly-strengthen-after-US-China-sign-trade-deal.html,Shanghai,2020-01-16,05:47,2020-01-16 05:47:00
7,Aluminium,"Carbon-free aluminium premium will emerge later, Alcoa says","Carbon-free aluminium premium will emerge later, Alcoa says",https://metalbulletin.com/Article/3914204/Aluminium/Carbon-free-aluminium-premium-will-emerge-later-Alcoa-says.html,New York,2020-01-16,04:45,2020-01-16 04:45:00
8,Aluminium,IN CASE YOU MISSED IT, 5 key stories from January 15,https://metalbulletin.com/Article/3914197/Aluminium/IN-CASE-YOU-MISSED-IT-5-key-stories-from-January-15.html,New York,2020-01-16,00:05,2020-01-16 00:05:00
9,Aluminium,LIVE FUTURES REPORT 15/01," Strong buying sees LME lead price soar 2.5%; nickel back above $14,000",https://metalbulletin.com/Article/3914172/Aluminium/LIVE-FUTURES-REPORT-1501-Strong-buying-sees-LME-lead-price-soar-25-nickel-back-above-14000.html,London,2020-01-15,18:00,2020-01-15 18:00:00
10,Aluminium,HOTTER ON METALS, Shining a light on warehouse cancellations ,https://metalbulletin.com/Article/3914169/Aluminium/HOTTER-ON-METALS-Shining-a-light-on-warehouse-cancellations.html,New York,2020-01-15,17:31,2020-01-15 17:31:00
11,Aluminium,BASE METALS WARRANT REPORT 15/01,BASE METALS WARRANT REPORT 15/01,https://metalbulletin.com/Article/3914133/Aluminium/BASE-METALS-WARRANT-REPORT-1501.html,London,2020-01-15,17:14,2020-01-15 17:14:00
12,Aluminium,INTERVIEW, Rusal marketing head says lower China aluminium production will maintain market deficit in Asia,https://metalbulletin.com/Article/3913649/Aluminium/INTERVIEW-Rusal-marketing-head-says-lower-China-aluminium-production-will-maintain-market-deficit-in.html,Singapore,2020-01-15,12:18,2020-01-15 12:18:00
13,Aluminium,LIVE FUTURES REPORT 15/01, LME lead price climbs 1% in continued uptick; Al unmoved despite 52kt fresh cancelation,https://metalbulletin.com/Article/3913978/Aluminium/LIVE-FUTURES-REPORT-1501-LME-lead-price-climbs-1-in-continued-uptick-Al-unmoved-despite-52kt-fresh.html,London,2020-01-15,10:14,2020-01-15 10:14:00
14,Aluminium,"Jingxi Tiangui’s phase-one alumina project starts production, sources say","Jingxi Tiangui’s phase-one alumina project starts production, sources say",https://metalbulletin.com/Article/3913050/Aluminium/Jingxi-Tianguis-phase-one-alumina-project-starts-production-sources-say.html,Shanghai,2020-01-15,06:20,2020-01-15 06:20:00
15,Aluminium,LIVE FUTURES REPORT 15/01, Most SHFE base metals prices edge higher on trade optimism,https://metalbulletin.com/Article/3913969/Aluminium/LIVE-FUTURES-REPORT-1501-Most-SHFE-base-metals-prices-edge-higher-on-trade-optimism.html,Shanghai,2020-01-15,04:42,2020-01-15 04:42:00
16,Aluminium,IN CASE YOU MISSED IT, 5 key stories from January 14,https://metalbulletin.com/Article/3913956/Aluminium/IN-CASE-YOU-MISSED-IT-5-key-stories-from-January-14.html,New York,2020-01-15,00:05,2020-01-15 00:05:00
17,Aluminium,Novelis acquisition of Aleris delayed,Novelis acquisition of Aleris delayed,https://metalbulletin.com/Article/3913938/Aluminium/Novelis-acquisition-of-Aleris-delayed.html,New York,2020-01-14,19:19,2020-01-14 19:19:00
18,Aluminium,LIVE FUTURES REPORT 14/01, LME copper price hits 9-mth high; lead up 2%,https://metalbulletin.com/Article/3913929/Aluminium/LIVE-FUTURES-REPORT-1401-LME-copper-price-hits-9-mth-high-lead-up-2.html,London,2020-01-14,18:20,2020-01-14 18:20:00
19,Aluminium,LIVE FUTURES REPORT 14/01, LME nickel price sinks 3% on selling pressure; copper holds gains ,https://metalbulletin.com/Article/3913792/Aluminium/LIVE-FUTURES-REPORT-1401-LME-nickel-price-sinks-3-on-selling-pressure-copper-holds-gains.html,London,2020-01-14,10:18,2020-01-14 10:18:00
20,Aluminium,LIVE FUTURES REPORT 14/01,Nickel leads SHFE base metals downward; copper up by 0.5%,https://metalbulletin.com/Article/3913771/Aluminium/LIVE-FUTURES-REPORT-1401-Nickel-leads-SHFE-base-metals-downward-copper-up-by-05.html,Shanghai,2020-01-14,05:20,2020-01-14 05:20:00
21,Aluminium,LIVE FUTURES REPORT 13/01,"LME copper nears $6,300/t in 1.3% uptick; outflows fail to bolster Al",https://metalbulletin.com/Article/3913741/Aluminium/LIVE-FUTURES-REPORT-1301-LME-copper-nears-6300t-in-13-uptick-outflows-fail-to-bolster-Al.html,London,2020-01-13,17:45,2020-01-13 17:45:00
22,Aluminium,LIVE FUTURES REPORT 13/01,LME nickel price pushes higher amid fresh cancelation; Al weak despite outflows,https://metalbulletin.com/Article/3913581/Aluminium/LIVE-FUTURES-REPORT-1301-LME-nickel-price-pushes-higher-amid-fresh-cancelation-Al-weak-despite.html,London,2020-01-13,10:31,2020-01-13 10:31:00
23,Aluminium,NEWSBREAK,"China to rename certain copper, aluminium scrap products in July",https://metalbulletin.com/Article/3913580/Aluminium/NEWSBREAK-China-to-rename-certain-copper-aluminium-scrap-products-in-July.html,London,2020-01-13,09:46,2020-01-13 09:46:00
24,Aluminium,LIVE FUTURES REPORT 13/01,"SHFE base metals prices subdued; Al slumps 1.2%, Ni rises 1%",https://metalbulletin.com/Article/3913565/Aluminium/LIVE-FUTURES-REPORT-1301-SHFE-base-metals-prices-subdued-Al-slumps-12-Ni-rises-1.html,Singapore,2020-01-13,05:41,2020-01-13 05:41:00
25,Aluminium,IN CASE YOU MISSED IT,5 key stories from January 10,https://metalbulletin.com/Article/3913546/Aluminium/IN-CASE-YOU-MISSED-IT-5-key-stories-from-January-10.html,New York,2020-01-13,00:05,2020-01-13 00:05:00
26,Aluminium,LIVE FUTURES REPORT 10/01,"LME base metals consolidate higher on low turnover; Al stays above $1,800",https://metalbulletin.com/Article/3913528/Aluminium/LIVE-FUTURES-REPORT-1001-LME-base-metals-consolidate-higher-on-low-turnover-Al-stays-above-1800.html,London,2020-01-10,18:35,2020-10-01 18:35:00
27,Aluminium,PEOPLE MOVES,Gerald copper trader Markus Hazell joins Hartree Partners,https://metalbulletin.com/Article/3913524/Aluminium/PEOPLE-MOVES-Gerald-copper-trader-Markus-Hazell-joins-Hartree-Partners.html,London,2020-01-10,17:40,2020-10-01 17:40:00
28,Aluminium,LME aluminium cancellations extend queue time at Port Klang warehouses,LME aluminium cancellations extend queue time at Port Klang warehouses,https://metalbulletin.com/Article/3913191/Aluminium/LME-aluminium-cancellations-extend-queue-time-at-Port-Klang-warehouses.html,London,2020-01-10,16:13,2020-10-01 16:13:00
29,Aluminium,SHFE STOCKS REPORT 10/01,Mixed movements in stocks,https://metalbulletin.com/Article/3913083/Aluminium/SHFE-STOCKS-REPORT-1001-Mixed-movements-in-stocks.html,Shanghai,2020-01-10,11:05,2020-10-01 11:05:00
30,Aluminium,LIVE FUTURES REPORT 10/01,Stock volatility fails to bolster LME Al; tin leads gains in low-vol trade,https://metalbulletin.com/Article/3913079/Aluminium/LIVE-FUTURES-REPORT-1001-Stock-volatility-fails-to-bolster-LME-Al-tin-leads-gains-in-low-vol-trade.html,London,2020-01-10,10:42,2020-10-01 10:42:00
31,Aluminium,LIVE FUTURES REPORT 10/01,SHFE base metals prices consolidate as focus turns to US jobs report,https://metalbulletin.com/Article/3913048/Aluminium/LIVE-FUTURES-REPORT-1001-SHFE-base-metals-prices-consolidate-as-focus-turns-to-US-jobs-report.html,Shanghai,2020-01-10,04:50,2020-10-01 04:50:00
32,Aluminium,LIVE FUTURES REPORT 09/01,"Stock inflow tempers LME zinc under $2,400/t; Al consolidates",https://metalbulletin.com/Article/3913018/Aluminium/LIVE-FUTURES-REPORT-0901-Stock-inflow-tempers-LME-zinc-under-2400t-Al-consolidates.html,London,2020-01-09,18:10,2020-09-01 18:10:00
33,Aluminium,LIVE FUTURES REPORT 09/01,"LME aluminium price holds below $1,800/t despite 120kt fresh cancelation; nickel rallies above $14k/t",https://metalbulletin.com/Article/3912875/Aluminium/LIVE-FUTURES-REPORT-0901-LME-aluminium-price-holds-below-1800t-despite-120kt-fresh-cancelation-nickel.html,London,2020-01-09,10:32,2020-09-01 10:32:00
34,Aluminium,LIVE FUTURES REPORT 09/01,SHFE base metals prices mixed amid easing US-Iran tensions,https://metalbulletin.com/Article/3912866/Aluminium/LIVE-FUTURES-REPORT-0901-SHFE-base-metals-prices-mixed-amid-easing-US-Iran-tensions.html,Shanghai,2020-01-09,05:08,2020-09-01 05:08:00
35,Aluminium,LIVE FUTURES REPORT 08/01,"LME zinc surpasses $2,400/t in rally; turnover hits 4-mth high",https://metalbulletin.com/Article/3912835/Aluminium/LIVE-FUTURES-REPORT-0801-LME-zinc-surpasses-2400t-in-rally-turnover-hits-4-mth-high.html,London,2020-01-08,18:00,2020-08-01 18:00:00
36,Aluminium,China allows further scrap imports as renaming process moves ahead,China allows further scrap imports as renaming process moves ahead,https://metalbulletin.com/Article/3912789/Aluminium/China-allows-further-scrap-imports-as-renaming-process-moves-ahead.html,London,2020-01-08,16:08,2020-08-01 16:08:00
37,Aluminium,PEOPLE MOVES,Natarajan to head global trading unit at Metal Exchange Corp,https://metalbulletin.com/Article/3912694/Aluminium/PEOPLE-MOVES-Natarajan-to-head-global-trading-unit-at-Metal-Exchange-Corp.html,New York,2020-01-08,14:13,2020-08-01 14:13:00
38,Aluminium,LIVE FUTURES REPORT 08/01,Fresh 4.6kt inflow tempers LME nickel price; Al dips despite outflows,https://metalbulletin.com/Article/3912658/Aluminium/LIVE-FUTURES-REPORT-0801-Fresh-46kt-inflow-tempers-LME-nickel-price-Al-dips-despite-outflows.html,London,2020-01-08,10:24,2020-08-01 10:24:00
39,Aluminium,LIVE FUTURES REPORT 08/01,SHFE base metals prices hold up well despite flare-up in US-Iran tensions,https://metalbulletin.com/Article/3912654/Aluminium/LIVE-FUTURES-REPORT-0801-SHFE-base-metals-prices-hold-up-well-despite-flare-up-in-US-Iran-tensions.html,Shanghai,2020-01-08,07:38,2020-08-01 07:38:00
40,Aluminium,LIVE FUTURES REPORT 07/01,"LME zinc price gains top complex in thin trading day; Al closes above $1,800/t",https://metalbulletin.com/Article/3912623/Aluminium/LIVE-FUTURES-REPORT-0701-LME-zinc-price-gains-top-complex-in-thin-trading-day-Al-closes-above-1800t.html,London,2020-01-07,18:02,2020-07-01 18:02:00
41,Aluminium,TRADE CASE MONITOR,Around the global steel markets in December 2019,https://metalbulletin.com/Article/3912455/Aluminium/TRADE-CASE-MONITOR-Around-the-global-steel-markets-in-December-2019.html,Dnepr,2020-01-07,10:35,2020-07-01 10:35:00
42,Aluminium,LIVE FUTURES REPORT 07/01,LME nickel nears $14k/t in steady uptick; zinc holds,https://metalbulletin.com/Article/3912459/Aluminium/LIVE-FUTURES-REPORT-0701-LME-nickel-nears-14kt-in-steady-uptick-zinc-holds.html,London,2020-01-07,10:15,2020-07-01 10:15:00
43,Aluminium,LIVE FUTURES REPORT 07/01,"SHFE base metals prices broadly up, geopolitical tensions cap gains",https://metalbulletin.com/Article/3912450/Aluminium/LIVE-FUTURES-REPORT-0701-SHFE-base-metals-prices-broadly-up-geopolitical-tensions-cap-gains.html,Shanghai,2020-01-07,05:35,2020-07-01 05:35:00
44,Aluminium,LIVE FUTURES REPORT 06/01,LME Al price hits 6-mth high despite 30kt rewarranting; C/3M widens,https://metalbulletin.com/Article/3912426/Aluminium/LIVE-FUTURES-REPORT-0601-LME-Al-price-hits-6-mth-high-despite-30kt-rewarranting-C3M-widens.html,London,2020-01-06,17:54,2020-06-01 17:54:00
45,Aluminium,MJP aluminium stocks inch up in November,MJP aluminium stocks inch up in November,https://metalbulletin.com/Article/3912304/Aluminium/MJP-aluminium-stocks-inch-up-in-November.html,Singapore,2020-01-06,11:22,2020-06-01 11:22:00
46,Aluminium,LIVE FUTURES REPORT 06/01,Fresh inflows pressure LME nickel price lower; zinc holds gains,https://metalbulletin.com/Article/3912303/Aluminium/LIVE-FUTURES-REPORT-0601-Fresh-inflows-pressure-LME-nickel-price-lower-zinc-holds-gains.html,London,2020-01-06,10:33,2020-06-01 10:33:00
47,Aluminium,LIVE FUTURES REPORT 06/01,SHFE base metals display mild strength as participants return to market; zinc climbs 1.3%,https://metalbulletin.com/Article/3912273/Aluminium/LIVE-FUTURES-REPORT-0601-SHFE-base-metals-display-mild-strength-as-participants-return-to-market-zinc.html,Singapore,2020-01-06,05:23,2020-06-01 05:23:00
48,Aluminium,LIVE FUTURES REPORT 03/01,LME nickel price tumbles 3.3% in downtrend; tin follows lower,https://metalbulletin.com/Article/3912222/Aluminium/LIVE-FUTURES-REPORT-0301-LME-nickel-price-tumbles-33-in-downtrend-tin-follows-lower.html,London,2020-01-03,18:40,2020-03-01 18:40:00
49,Aluminium,LIVE FUTURES REPORT 03/01,"LME nickel price dips below $14,000/t after 3,000t inflow; tin suffers",https://metalbulletin.com/Article/3911942/Aluminium/LIVE-FUTURES-REPORT-0301-LME-nickel-price-dips-below-14000t-after-3000t-inflow-tin-suffers.html,London,2020-01-03,10:24,2020-03-01 10:24:00
50,Aluminium,SHFE STOCKS REPORT 03/01,Stocks for all base metals but nickel rise,https://metalbulletin.com/Article/3911938/Aluminium/SHFE-STOCKS-REPORT-0301-Stocks-for-all-base-metals-but-nickel-rise.html,Shanghai,2020-01-03,09:52,2020-03-01 09:52:00
51,Aluminium,LIVE FUTURES REPORT 03/01,SHFE base metals prices mostly down; Ni retreats 1.8%,https://metalbulletin.com/Article/3911933/Aluminium/LIVE-FUTURES-REPORT-0301-SHFE-base-metals-prices-mostly-down-Ni-retreats-18.html,Shanghai,2020-01-03,04:46,2020-03-01 04:46:00
52,Aluminium,LIVE FUTURES REPORT 02/01,"LME zinc price breaks above $2,300; copper fails to close above $6,200",https://metalbulletin.com/Article/3911907/Aluminium/LIVE-FUTURES-REPORT-0201-LME-zinc-price-breaks-above-2300-copper-fails-to-close-above-6200.html,London,2020-01-02,18:03,2020-02-01 18:03:00
0,Steel,IN CASE YOU MISSED IT, 5 key stories from January 16,https://metalbulletin.com/Article/3914401/steel/IN-CASE-YOU-MISSED-IT-5-key-stories-from-January-16.html,New York,2020-01-17,00:05,2020-01-17 00:05:00
1,Steel,"Make-or-break time for Midland plant, ATI's Wetherbee says","Make-or-break time for Midland plant, ATI's Wetherbee says",https://metalbulletin.com/Article/3914404/steel/Make-or-break-time-for-Midland-plant-ATIs-Wetherbee-says.html,New York,2020-01-16,23:05,2020-01-16 23:05:00
2,Steel,"US HRC slips on cloudy demand, scrap export dip","US HRC slips on cloudy demand, scrap export dip",https://metalbulletin.com/Article/3914403/steel/US-HRC-slips-on-cloudy-demand-scrap-export-dip.html,Chicago,2020-01-16,23:01,2020-01-16 23:01:00
3,Steel,EC amends safeguard measures on HDG for automotive sector,EC amends safeguard measures on HDG for automotive sector,https://metalbulletin.com/Article/3914393/steel/EC-amends-safeguard-measures-on-HDG-for-automotive-sector.html,Dnepr,2020-01-16,20:55,2020-01-16 20:55:00
4,Steel,Vale suspends operations at Ferrous Resources mine,Vale suspends operations at Ferrous Resources mine,https://metalbulletin.com/Article/3914391/steel/Vale-suspends-operations-at-Ferrous-Resources-mine.html,São Paulo,2020-01-16,20:25,2020-01-16 20:25:00
5,Steel,UK FERROUS SCRAP, Market buoyed by European exports,https://metalbulletin.com/Article/3914376/steel/UK-FERROUS-SCRAP-Market-buoyed-by-European-exports.html,Galway,2020-01-16,20:12,2020-01-16 20:12:00
6,Steel,CIS STEEL BILLET, Trading activity revives but still no clarity on price trend,https://metalbulletin.com/Article/3914344/steel/CIS-STEEL-BILLET-Trading-activity-revives-but-still-no-clarity-on-price-trend.html,Dnepr,2020-01-16,18:12,2020-01-16 18:12:00
7,Steel,EU new car sales jump 22% year on year in December,EU new car sales jump 22% year on year in December,https://metalbulletin.com/Article/3914377/steel/EU-new-car-sales-jump-22-year-on-year-in-December.html,Dnepr,2020-01-16,18:08,2020-01-16 18:08:00
8,Steel,EUROPE HDG, Domestic prices up on positive mood in HRC,https://metalbulletin.com/Article/3914263/steel/EUROPE-HDG-Domestic-prices-up-on-positive-mood-in-HRC.html,Dnepr,2020-01-16,17:34,2020-01-16 17:34:00
9,Steel,DAILY SCRAP REPORT, Prices fall sharply in latest US sale,https://metalbulletin.com/Article/3914262/steel/DAILY-SCRAP-REPORT-Prices-fall-sharply-in-latest-US-sale.html,Mugla,2020-01-16,17:07,2020-01-16 17:07:00
10,Steel,EUROPE HRC," Domestic prices stable, prices expected to rise - sources",https://metalbulletin.com/Article/3914259/steel/EUROPE-HRC-Domestic-prices-stable-prices-expected-to-rise-sources.html,Dnepr,2020-01-16,16:25,2020-01-16 16:25:00
11,Steel,TURKEY STEEL BILLET, Prices set to fall on weakening scrap values,https://metalbulletin.com/Article/3914260/steel/TURKEY-STEEL-BILLET-Prices-set-to-fall-on-weakening-scrap-values.html,Mugla,2020-01-16,16:07,2020-01-16 16:07:00
12,Steel,TURKEY LONG STEEL," Firm lira, falling domestic scrap costs drag down prices",https://metalbulletin.com/Article/3914258/steel/TURKEY-LONG-STEEL-Firm-lira-falling-domestic-scrap-costs-drag-down-prices.html,Mugla,2020-01-16,15:50,2020-01-16 15:50:00
13,Steel,"US raises anti-dumping duties on Mexican rebar, Irepas says","US raises anti-dumping duties on Mexican rebar, Irepas says",https://metalbulletin.com/Article/3914256/steel/US-raises-anti-dumping-duties-on-Mexican-rebar-Irepas-says.html,São Paulo,2020-01-16,15:00,2020-01-16 15:00:00
14,Steel,"EGYPT STEEL BILLET, REBAR"," Prices fall, demand weak",https://metalbulletin.com/Article/3914232/steel/EGYPT-STEEL-BILLET-REBAR-Prices-fall-demand-weak.html,Bursa,2020-01-16,14:32,2020-01-16 14:32:00
15,Steel,TURKEY LONG STEEL EXPORTS," Falling scrap costs, low demand push prices downward",https://metalbulletin.com/Article/3914224/steel/TURKEY-LONG-STEEL-EXPORTS-Falling-scrap-costs-low-demand-push-prices-downward.html,Mugla,2020-01-16,14:10,2020-01-16 14:10:00
16,Steel,New US sanctions slow down trading for Iranian semi-finished steel,New US sanctions slow down trading for Iranian semi-finished steel,https://metalbulletin.com/Article/3914223/steel/New-US-sanctions-slow-down-trading-for-Iranian-semi-finished-steel.html,Dnepr,2020-01-16,14:05,2020-01-16 14:05:00
17,Steel,IRON ORE DAILY, Seaborne prices rangebound; low-alumina fines likely to gain interest,https://metalbulletin.com/Article/3914220/steel/IRON-ORE-DAILY-Seaborne-prices-rangebound-low-alumina-fines-likely-to-gain-interest.html,Singapore,2020-01-16,12:05,2020-01-16 12:05:00
18,Steel,COKING COAL DAILY, Import restrictions resurface at Chinese ports,https://metalbulletin.com/Article/3914216/steel/COKING-COAL-DAILY-Import-restrictions-resurface-at-Chinese-ports.html,Singapore,2020-01-16,11:10,2020-01-16 11:10:00
19,Steel,China market participants unfazed by US steel exports in wake of trade war truce ,China market participants unfazed by US steel exports in wake of trade war truce ,https://metalbulletin.com/Article/3914203/steel/China-market-participants-unfazed-by-US-steel-exports-in-wake-of-trade-war-truce.html,Shanghai,2020-01-16,10:57,2020-01-16 10:57:00
20,Steel,CAPACITY WATCH, Two Hebei mills sell capacity to mills in other provinces,https://metalbulletin.com/Article/3914209/steel/CAPACITY-WATCH-Two-Hebei-mills-sell-capacity-to-mills-in-other-provinces.html,Shanghai,2020-01-16,07:58,2020-01-16 07:58:00
21,Steel,CAPACITY WATCH, Xinda Steel installing new converter via capacity replacement program,https://metalbulletin.com/Article/3914208/steel/CAPACITY-WATCH-Xinda-Steel-installing-new-converter-via-capacity-replacement-program.html,Shanghai,2020-01-16,07:30,2020-01-16 07:30:00
22,Steel,"Long Steel Products Trade Log, January 16, 2020","Long Steel Products Trade Log, January 16, 2020",https://metalbulletin.com/Article/3913964/steel/Long-Steel-Products-Trade-Log-January-16-2020.html,Not Available,2020-01-16,07:20,2020-01-16 07:20:00
23,Steel,"Semi-finished Steel Products Trade Log, January 16, 2020","Semi-finished Steel Products Trade Log, January 16, 2020",https://metalbulletin.com/Article/3913963/steel/Semi-finished-Steel-Products-Trade-Log-January-16-2020.html,Not Available,2020-01-16,07:20,2020-01-16 07:20:00
24,Steel,Chinese stainless steel prices dip ahead of Lunar New Year ,Chinese stainless steel prices dip ahead of Lunar New Year ,https://metalbulletin.com/Article/3914206/steel/Chinese-stainless-steel-prices-dip-ahead-of-Lunar-New-Year.html,Singapore,2020-01-16,07:10,2020-01-16 07:10:00
25,Steel,Turkey's automotive output down 5.74% year on year in 2019,Turkey's automotive output down 5.74% year on year in 2019,https://metalbulletin.com/Article/3913999/steel/Turkeys-automotive-output-down-574-year-on-year-in-2019.html,Bursa,2020-01-16,03:51,2020-01-16 03:51:00
26,Steel,IN CASE YOU MISSED IT, 5 key stories from January 15,https://metalbulletin.com/Article/3914197/steel/IN-CASE-YOU-MISSED-IT-5-key-stories-from-January-15.html,New York,2020-01-16,00:05,2020-01-16 00:05:00
27,Steel,Stainless scrap prices in US creeping up,Stainless scrap prices in US creeping up,https://metalbulletin.com/Article/3914192/steel/Stainless-scrap-prices-in-US-creeping-up.html,Pittsburgh,2020-01-15,22:45,2020-01-15 22:45:00
28,Steel,"US HRC index up on tight supply, but outlooks bearish","US HRC index up on tight supply, but outlooks bearish",https://metalbulletin.com/Article/3914195/steel/US-HRC-index-up-on-tight-supply-but-outlooks-bearish.html,New York,2020-01-15,22:29,2020-01-15 22:29:00
29,Steel,EUROPE REBAR, Prices higher on December scrap gains,https://metalbulletin.com/Article/3914167/steel/EUROPE-REBAR-Prices-higher-on-December-scrap-gains.html,London,2020-01-15,17:20,2020-01-15 17:20:00
30,Steel,TITANIUM SNAPSHOT, Prices supported by pick-up in trading activity ,https://metalbulletin.com/Article/3914132/steel/TITANIUM-SNAPSHOT-Prices-supported-by-pick-up-in-trading-activity.html,Galway,2020-01-15,16:48,2020-01-15 16:48:00
31,Steel,EUROPE HRC," Domestic prices up on lack of competitive imports, recovery in demand",https://metalbulletin.com/Article/3913989/steel/EUROPE-HRC-Domestic-prices-up-on-lack-of-competitive-imports-recovery-in-demand.html,Kiev,2020-01-15,16:28,2020-01-15 16:28:00
32,Steel,EUROPE BEAMS, Mills continue to push for price increases ,https://metalbulletin.com/Article/3914123/steel/EUROPE-BEAMS-Mills-continue-to-push-for-price-increases.html,London,2020-01-15,16:18,2020-01-15 16:18:00
33,Steel,EUROPE SECTIONS, Prices move up on producer-led increases,https://metalbulletin.com/Article/3914130/steel/EUROPE-SECTIONS-Prices-move-up-on-producer-led-increases.html,London,2020-01-15,16:18,2020-01-15 16:18:00
34,Steel,DAILY SCRAP REPORT, Turkish mills closer to achieving lower prices,https://metalbulletin.com/Article/3914086/steel/DAILY-SCRAP-REPORT-Turkish-mills-closer-to-achieving-lower-prices.html,Mugla,2020-01-15,16:00,2020-01-15 16:00:00
35,Steel,EUROPE PLATE, Producers target price rise despite slow demand,https://metalbulletin.com/Article/3914001/steel/EUROPE-PLATE-Producers-target-price-rise-despite-slow-demand.html,Kiev,2020-01-15,15:18,2020-01-15 15:18:00
36,Steel,COKING COAL DAILY, DBCT exports rebound in December ,https://metalbulletin.com/Article/3913983/steel/COKING-COAL-DAILY-DBCT-exports-rebound-in-December.html,Singapore,2020-01-15,11:43,2020-01-15 11:43:00
37,Steel,Germany’s Salzgitter downgrades 2019 earnings forecast,Germany’s Salzgitter downgrades 2019 earnings forecast,https://metalbulletin.com/Article/3913971/steel/Germanys-Salzgitter-downgrades-2019-earnings-forecast.html,Kiev,2020-01-15,11:33,2020-01-15 11:33:00
38,Steel,IRON ORE DAILY, Steelmakers' tepid demand keeps seaborne prices rangebound,https://metalbulletin.com/Article/3913980/steel/IRON-ORE-DAILY-Steelmakers-tepid-demand-keeps-seaborne-prices-rangebound.html,Singapore,2020-01-15,11:10,2020-01-15 11:10:00
39,Steel,CHINA HRC, Exporters keep offers high ,https://metalbulletin.com/Article/3913977/steel/CHINA-HRC-Exporters-keep-offers-high.html,Shanghai,2020-01-15,10:30,2020-01-15 10:30:00
40,Steel,CAPACITY WATCH, Henan Luoyang sells crude steel capacity to Guangdong,https://metalbulletin.com/Article/3913967/steel/CAPACITY-WATCH-Henan-Luoyang-sells-crude-steel-capacity-to-Guangdong.html,Shanghai,2020-01-15,09:53,2020-01-15 09:53:00
41,Steel,CHINA REBAR, Strengthening yuan pushes up export prices,https://metalbulletin.com/Article/3913974/steel/CHINA-REBAR-Strengthening-yuan-pushes-up-export-prices.html,Shanghai,2020-01-15,09:50,2020-01-15 09:50:00
42,Steel,CAPACITY WATCH," Henan Jiyuan Steel to replace crude steel, iron-making facilities",https://metalbulletin.com/Article/3913966/steel/CAPACITY-WATCH-Henan-Jiyuan-Steel-to-replace-crude-steel-iron-making-facilities.html,Shanghai,2020-01-15,09:38,2020-01-15 09:38:00
43,Steel,"Flat Steel Products Trade Log, January 15, 2020","Flat Steel Products Trade Log, January 15, 2020",https://metalbulletin.com/Article/3913962/steel/Flat-Steel-Products-Trade-Log-January-15-2020.html,Not Available,2020-01-15,09:10,2020-01-15 09:10:00
44,Steel,"Six key focus areas for Chinese steelmakers in 2020, according to Cisa","Six key focus areas for Chinese steelmakers in 2020, according to Cisa",https://metalbulletin.com/Article/3913773/steel/Six-key-focus-areas-for-Chinese-steelmakers-in-2020-according-to-Cisa.html,Singapore,2020-01-15,08:40,2020-01-15 08:40:00
45,Steel,CHINA REBAR,Strong futures fail to give spot prices upward push,https://metalbulletin.com/Article/3913775/steel/CHINA-REBAR-Strong-futures-fail-to-give-spot-prices-upward-push.html,Shanghai,2020-01-14,09:40,2020-01-14 09:40:00
46,Steel,"Flat Steel Products Trade Log, January 14, 2020","Flat Steel Products Trade Log, January 14, 2020",https://metalbulletin.com/Article/3913766/steel/Flat-Steel-Products-Trade-Log-January-14-2020.html,Not Available,2020-01-14,09:25,2020-01-14 09:25:00
47,Steel,China’s finished steel exports fall 7% in 2019,China’s finished steel exports fall 7% in 2019,https://metalbulletin.com/Article/3913774/steel/Chinas-finished-steel-exports-fall-7-in-2019.html,Shanghai,2020-01-14,08:57,2020-01-14 08:57:00
48,Steel,"Long Steel Products Trade Log, January 14, 2020","Long Steel Products Trade Log, January 14, 2020",https://metalbulletin.com/Article/3913768/steel/Long-Steel-Products-Trade-Log-January-14-2020.html,Not Available,2020-01-14,07:40,2020-01-14 07:40:00
49,Steel,"Semi-finished Steel Products Trade Log, January 14, 2020","Semi-finished Steel Products Trade Log, January 14, 2020",https://metalbulletin.com/Article/3913767/steel/Semi-finished-Steel-Products-Trade-Log-January-14-2020.html,Not Available,2020-01-14,07:40,2020-01-14 07:40:00
50,Steel,"China's auto output, sales tumble in 2019","China's auto output, sales tumble in 2019",https://metalbulletin.com/Article/3913770/steel/Chinas-auto-output-sales-tumble-in-2019.html,Shanghai,2020-01-14,07:18,2020-01-14 07:18:00
51,Steel,Slab import prices in Asia steady amid strengthening HRC market,Slab import prices in Asia steady amid strengthening HRC market,https://metalbulletin.com/Article/3913772/steel/Slab-import-prices-in-Asia-steady-amid-strengthening-HRC-market.html,Singapore,2020-01-14,06:13,2020-01-14 06:13:00
52,Steel,CIS STEEL SLAB,"Prices rise on steady demand, support from flat steel market",https://metalbulletin.com/Article/3913727/steel/CIS-STEEL-SLAB-Prices-rise-on-steady-demand-support-from-flat-steel-market.html,Dnepr,2020-01-14,06:00,2020-01-14 06:00:00
53,Steel,Cisa expects China's steel consumption to rise 2% in 2020,Cisa expects China's steel consumption to rise 2% in 2020,https://metalbulletin.com/Article/3913769/steel/Cisa-expects-Chinas-steel-consumption-to-rise-2-in-2020.html,Shanghai,2020-01-14,05:45,2020-01-14 05:45:00
54,Steel,PEOPLE MOVES,Ferroglobe appoints Marco Levi as chief executive,https://metalbulletin.com/Article/3913756/steel/PEOPLE-MOVES-Ferroglobe-appoints-Marco-Levi-as-chief-executive.html,Galway,2020-01-14,04:23,2020-01-14 04:23:00
55,Steel,IN CASE YOU MISSED IT,5 key stories from January 13,https://metalbulletin.com/Article/3913758/steel/IN-CASE-YOU-MISSED-IT-5-key-stories-from-January-13.html,New York,2020-01-14,00:05,2020-01-14 00:05:00
56,Steel,US SBQ prices up on ferrous scrap gains; 2020 starts slow,US SBQ prices up on ferrous scrap gains; 2020 starts slow,https://metalbulletin.com/Article/3913760/steel/US-SBQ-prices-up-on-ferrous-scrap-gains-2020-starts-slow.html,New York,2020-01-13,23:24,2020-01-13 23:24:00
57,Steel,US HRC price climbs; mills less flexible on deals,US HRC price climbs; mills less flexible on deals,https://metalbulletin.com/Article/3913764/steel/US-HRC-price-climbs-mills-less-flexible-on-deals.html,New York,2020-01-13,23:21,2020-01-13 23:21:00
58,Steel,US plate mills find price hikes slow-going,US plate mills find price hikes slow-going,https://metalbulletin.com/Article/3913762/steel/US-plate-mills-find-price-hikes-slow-going.html,New York,2020-01-13,20:51,2020-01-13 20:51:00
59,Steel,2020 PREVIEW,Five things the CIS pig iron export market will face in 2020,https://metalbulletin.com/Article/3913578/steel/2020-PREVIEW-Five-things-the-CIS-pig-iron-export-market-will-face-in-2020.html,Dnepr,2020-01-13,19:55,2020-01-13 19:55:00
60,Steel,FASTMARKETS CUTS COUNTER,"Ores and alloys, January 2020",https://metalbulletin.com/Article/3912559/steel/FASTMARKETS-CUTS-COUNTER-Ores-and-alloys-January-2020.html,London,2020-01-13,17:31,2020-01-13 17:31:00
61,Steel,EUROPE HRC,Northern European producers increase offer prices,https://metalbulletin.com/Article/3913730/steel/EUROPE-HRC-Northern-European-producers-increase-offer-prices.html,Dnepr,2020-01-13,16:39,2020-01-13 16:39:00
62,Steel,DAILY SCRAP REPORT,"Mills remain silent in deep-sea market on weak rebar demand, tight scrap supply",https://metalbulletin.com/Article/3913667/steel/DAILY-SCRAP-REPORT-Mills-remain-silent-in-deep-sea-market-on-weak-rebar-demand-tight-scrap-supply.html,Mugla,2020-01-13,16:24,2020-01-13 16:24:00
63,Steel,Manganese alloys prices up but rally seen limited,Manganese alloys prices up but rally seen limited,https://metalbulletin.com/Article/3913666/steel/Manganese-alloys-prices-up-but-rally-seen-limited.html,Galway,2020-01-13,15:50,2020-01-13 15:50:00
64,Steel,"Ukraine’s DMKD restarts No12 blast furnace, increases pig iron output","Ukraine’s DMKD restarts No12 blast furnace, increases pig iron output",https://metalbulletin.com/Article/3913648/steel/Ukraines-DMKD-restarts-No12-blast-furnace-increases-pig-iron-output.html,Dnepr,2020-01-13,15:45,2020-01-13 15:45:00
65,Steel,China's Shagang cuts long steel prices for mid-January,China's Shagang cuts long steel prices for mid-January,https://metalbulletin.com/Article/3913557/steel/Chinas-Shagang-cuts-long-steel-prices-for-mid-January.html,Shanghai,2020-01-13,02:45,2020-01-13 02:45:00
66,Steel,IN CASE YOU MISSED IT,5 key stories from January 10,https://metalbulletin.com/Article/3913546/steel/IN-CASE-YOU-MISSED-IT-5-key-stories-from-January-10.html,New York,2020-01-13,00:05,2020-01-13 00:05:00
67,Steel,South America flat-steel import prices mostly increase on persistent global uptrend,South America flat-steel import prices mostly increase on persistent global uptrend,https://metalbulletin.com/Article/3913535/steel/South-America-flat-steel-import-prices-mostly-increase-on-persistent-global-uptrend.html,São Paulo,2020-01-10,23:41,2020-10-01 23:41:00
68,Steel,US HRC index still above $30/cwt; staying power hazy,US HRC index still above $30/cwt; staying power hazy,https://metalbulletin.com/Article/3913551/steel/US-HRC-index-still-above-30cwt-staying-power-hazy.html,New York,2020-01-10,23:32,2020-10-01 23:32:00
69,Steel,February scrap price direction up for debate,February scrap price direction up for debate,https://metalbulletin.com/Article/3913548/steel/February-scrap-price-direction-up-for-debate.html,New York,2020-01-10,21:04,2020-10-01 21:04:00
70,Steel,"US galv, CRC prices flat pending new mill hike","US galv, CRC prices flat pending new mill hike",https://metalbulletin.com/Article/3913540/steel/US-galv-CRC-prices-flat-pending-new-mill-hike.html,New York,2020-01-10,20:54,2020-10-01 20:54:00
71,Steel,HSS price flat; market sentiment murky,HSS price flat; market sentiment murky,https://metalbulletin.com/Article/3913541/steel/HSS-price-flat-market-sentiment-murky.html,New York,2020-01-10,20:49,2020-10-01 20:49:00
72,Steel,Brazilian slab export prices up on revived demand,Brazilian slab export prices up on revived demand,https://metalbulletin.com/Article/3913530/steel/Brazilian-slab-export-prices-up-on-revived-demand.html,São Paulo,2020-01-10,19:22,2020-10-01 19:22:00
73,Steel,ArcelorMittal imposes sudden sharp rise in HRC offers across Europe,ArcelorMittal imposes sudden sharp rise in HRC offers across Europe,https://metalbulletin.com/Article/3913529/steel/ArcelorMittal-imposes-sudden-sharp-rise-in-HRC-offers-across-Europe.html,Dnepr,2020-01-10,19:05,2020-10-01 19:05:00
74,Steel,CIS STEEL BILLET,"Trading activity thaws, but market lacks clarity",https://metalbulletin.com/Article/3913526/steel/CIS-STEEL-BILLET-Trading-activity-thaws-but-market-lacks-clarity.html,Dnepr,2020-01-10,18:14,2020-10-01 18:14:00
75,Steel,UK SCRAP,Light iron market stable ahead of January monthlies,https://metalbulletin.com/Article/3913507/steel/UK-SCRAP-Light-iron-market-stable-ahead-of-January-monthlies.html,Galway,2020-01-10,17:17,2020-10-01 17:17:00
76,Steel,INDIA IMPORT SCRAP,Positive sentiment pushes up trading activity and prices,https://metalbulletin.com/Article/3913467/steel/INDIA-IMPORT-SCRAP-Positive-sentiment-pushes-up-trading-activity-and-prices.html,London,2020-01-10,16:57,2020-10-01 16:57:00
77,Steel,EUROPE ALLOY STEEL SCRAP,"Prices up slightly on improved demand, sentiment",https://metalbulletin.com/Article/3913504/steel/EUROPE-ALLOY-STEEL-SCRAP-Prices-up-slightly-on-improved-demand-sentiment.html,London,2020-01-10,16:52,2020-10-01 16:52:00
78,Steel,DAILY SCRAP REPORT,Mills keep deep-sea purchases slow amid weak rebar market,https://metalbulletin.com/Article/3913193/steel/DAILY-SCRAP-REPORT-Mills-keep-deep-sea-purchases-slow-amid-weak-rebar-market.html,Mugla,2020-01-10,16:37,2020-10-01 16:37:00
79,Steel,EUROPE HRC,Northern European index stays on uptrend,https://metalbulletin.com/Article/3913192/steel/EUROPE-HRC-Northern-European-index-stays-on-uptrend.html,Dnepr,2020-01-10,16:25,2020-10-01 16:25:00
80,Steel,EUROPE STAINLESS STEEL,Prices decrease on lower alloy surcharges,https://metalbulletin.com/Article/3913405/steel/EUROPE-STAINLESS-STEEL-Prices-decrease-on-lower-alloy-surcharges.html,Malta,2020-01-10,16:25,2020-10-01 16:25:00
81,Steel,POLAND REBAR,New year demand recovery drives price rise,https://metalbulletin.com/Article/3913373/steel/POLAND-REBAR-New-year-demand-recovery-drives-price-rise.html,Dnepr,2020-01-10,16:24,2020-10-01 16:24:00
82,Steel,Indian mills plan second domestic HRC price hike for January,Indian mills plan second domestic HRC price hike for January,https://metalbulletin.com/Article/3913306/steel/Indian-mills-plan-second-domestic-HRC-price-hike-for-January.html,Mumbai,2020-01-10,16:01,2020-10-01 16:01:00
83,Steel,TURKEY FLAT STEEL,Prices increase amid weak market activity,https://metalbulletin.com/Article/3913126/steel/TURKEY-FLAT-STEEL-Prices-increase-amid-weak-market-activity.html,Bursa,2020-01-10,14:43,2020-10-01 14:43:00
84,Steel,TURKEY COATED FLAT STEEL,Prices largely steady on weak demand,https://metalbulletin.com/Article/3913128/steel/TURKEY-COATED-FLAT-STEEL-Prices-largely-steady-on-weak-demand.html,Bursa,2020-01-10,14:35,2020-10-01 14:35:00
85,Steel,IRON ORE DAILY,Fixed-price seaborne deals indicate better sentiment,https://metalbulletin.com/Article/3913098/steel/IRON-ORE-DAILY-Fixed-price-seaborne-deals-indicate-better-sentiment.html,Shanghai,2020-01-10,12:00,2020-10-01 12:00:00
86,Steel,COKING COAL DAILY,Fob Australia prices cross $150 per tonne,https://metalbulletin.com/Article/3913095/steel/COKING-COAL-DAILY-Fob-Australia-prices-cross-150-per-tonne.html,Singapore,2020-01-10,11:40,2020-10-01 11:40:00
87,Steel,CHINA HRC,Overseas buyers warming up to higher prices,https://metalbulletin.com/Article/3912873/steel/CHINA-HRC-Overseas-buyers-warming-up-to-higher-prices.html,Shanghai,2020-01-09,10:34,2020-09-01 10:34:00
88,Steel,"China issues 3,180 tonnes of ferrous scrap import quotas","China issues 3,180 tonnes of ferrous scrap import quotas",https://metalbulletin.com/Article/3912869/steel/China-issues-3180-tonnes-of-ferrous-scrap-import-quotas.html,Singapore,2020-01-09,09:45,2020-09-01 09:45:00
89,Steel,"Flat Steel Products Trade Log, January 9, 2020","Flat Steel Products Trade Log, January 9, 2020",https://metalbulletin.com/Article/3912859/steel/Flat-Steel-Products-Trade-Log-January-9-2020.html,Not Available,2020-01-09,09:45,2020-09-01 09:45:00
90,Steel,CHINA REBAR,Rising yuan pushes up export prices,https://metalbulletin.com/Article/3912871/steel/CHINA-REBAR-Rising-yuan-pushes-up-export-prices.html,Shanghai,2020-01-09,09:30,2020-09-01 09:30:00
91,Steel,"Long Steel Products Trade Log, January 9, 2020","Long Steel Products Trade Log, January 9, 2020",https://metalbulletin.com/Article/3912860/steel/Long-Steel-Products-Trade-Log-January-9-2020.html,Not Available,2020-01-09,08:44,2020-09-01 08:44:00
92,Steel,"Semi-finished Steel Products Trade Log, January 9, 2020","Semi-finished Steel Products Trade Log, January 9, 2020",https://metalbulletin.com/Article/3912861/steel/Semi-finished-Steel-Products-Trade-Log-January-9-2020.html,Not Available,2020-01-09,08:44,2020-09-01 08:44:00
93,Steel,2020 PREVIEW,US HRC-scrap gap could prove perilous for steel,https://metalbulletin.com/Article/3909309/steel/2020-PREVIEW-US-HRC-scrap-gap-could-prove-perilous-for-steel.html,Chicago,2020-01-09,08:00,2020-09-01 08:00:00
94,Steel,China’s daily crude steel output falls in late December,China’s daily crude steel output falls in late December,https://metalbulletin.com/Article/3912868/steel/Chinas-daily-crude-steel-output-falls-in-late-December.html,Shanghai,2020-01-09,07:05,2020-09-01 07:05:00
95,Steel,China's stainless steel prices fall further amid inactivity,China's stainless steel prices fall further amid inactivity,https://metalbulletin.com/Article/3912867/steel/Chinas-stainless-steel-prices-fall-further-amid-inactivity.html,Shanghai,2020-01-09,06:51,2020-09-01 06:51:00
96,Steel,CAPACITY WATCH,"Posco SS Vina's 500,000-tpy rebar mill listed for sale",https://metalbulletin.com/Article/3912862/steel/CAPACITY-WATCH-Posco-SS-Vinas-500000-tpy-rebar-mill-listed-for-sale.html,Singapore,2020-01-09,05:32,2020-09-01 05:32:00
97,Steel,IN CASE YOU MISSED IT,5 key stories from January 8,https://metalbulletin.com/Article/3912858/steel/IN-CASE-YOU-MISSED-IT-5-key-stories-from-January-8.html,New York,2020-01-09,00:05,2020-09-01 00:05:00
98,Steel,US HRC index above $610 per ton; mills announce new price increases,US HRC index above $610 per ton; mills announce new price increases,https://metalbulletin.com/Article/3912857/steel/US-HRC-index-above-610-per-ton-mills-announce-new-price-increases.html,New York,2020-01-08,22:48,2020-08-01 22:48:00
99,Steel,Conflict with the US has yet to pressure Iranian steel market,Conflict with the US has yet to pressure Iranian steel market,https://metalbulletin.com/Article/3912846/steel/Conflict-with-the-US-has-yet-to-pressure-Iranian-steel-market.html,Dnepr,2020-01-08,22:40,2020-08-01 22:40:00
100,Steel,EUROPE HRC,"Sentiment in the market improves, further rises likely",https://metalbulletin.com/Article/3912830/steel/EUROPE-HRC-Sentiment-in-the-market-improves-further-rises-likely.html,Dnepr,2020-01-08,18:48,2020-08-01 18:48:00
101,Steel,CIS STEEL BILLET,"Market awaits more clarity after long holidays, customers’ mood pessimistic",https://metalbulletin.com/Article/3912827/steel/CIS-STEEL-BILLET-Market-awaits-more-clarity-after-long-holidays-customers-mood-pessimistic.html,Dnepr,2020-01-08,17:57,2020-08-01 17:57:00
102,Steel,EUROPE WIRE ROD,"Prices flat in quiet conditions, flat scrap market",https://metalbulletin.com/Article/3912831/steel/EUROPE-WIRE-ROD-Prices-flat-in-quiet-conditions-flat-scrap-market.html,London,2020-01-08,17:45,2020-08-01 17:45:00
103,Steel,TITANIUM SNAPSHOT,Markets steady; traders optimistic for uptick on resumed buying interest,https://metalbulletin.com/Article/3912792/steel/TITANIUM-SNAPSHOT-Markets-steady-traders-optimistic-for-uptick-on-resumed-buying-interest.html,Galway,2020-01-08,17:07,2020-08-01 17:07:00
104,Steel,EUROPE REBAR,Post-holiday prices stable as market waits for scrap cost moves,https://metalbulletin.com/Article/3912824/steel/EUROPE-REBAR-Post-holiday-prices-stable-as-market-waits-for-scrap-cost-moves.html,London,2020-01-08,16:55,2020-08-01 16:55:00
105,Steel,China allows further scrap imports as renaming process moves ahead,China allows further scrap imports as renaming process moves ahead,https://metalbulletin.com/Article/3912789/steel/China-allows-further-scrap-imports-as-renaming-process-moves-ahead.html,London,2020-01-08,16:08,2020-08-01 16:08:00
106,Steel,DAILY SCRAP REPORT,Mills continue to negotiate February cargoes,https://metalbulletin.com/Article/3912727/steel/DAILY-SCRAP-REPORT-Mills-continue-to-negotiate-February-cargoes.html,Mugla,2020-01-08,16:01,2020-08-01 16:01:00
0,Nickel,LIVE FUTURES REPORT 17/01, SHFE base metals prices mixed amid trade uncertainty; Ni drops 2.1%,https://metalbulletin.com/Article/3914412/Nickel/LIVE-FUTURES-REPORT-1701-SHFE-base-metals-prices-mixed-amid-trade-uncertainty-Ni-drops-21.html,Shanghai,2020-01-17,05:13,2020-01-17 05:13:00
1,Nickel,LIVE FUTURES REPORT 16/01, LME nickel price tumbles 3.5%; tin gathers momentum,https://metalbulletin.com/Article/3914378/Nickel/LIVE-FUTURES-REPORT-1601-LME-nickel-price-tumbles-35-tin-gathers-momentum.html,London,2020-01-16,18:32,2020-01-16 18:32:00
2,Nickel,LIVE FUTURES REPORT 16/01," LME lead breaches $2,000/t in 2% price surge; zinc back above $2,400/t",https://metalbulletin.com/Article/3914217/Nickel/LIVE-FUTURES-REPORT-1601-LME-lead-breaches-2000t-in-2-price-surge-zinc-back-above-2400t.html,London,2020-01-16,10:32,2020-01-16 10:32:00
3,Nickel,Chinese stainless steel prices dip ahead of Lunar New Year ,Chinese stainless steel prices dip ahead of Lunar New Year ,https://metalbulletin.com/Article/3914206/Nickel/Chinese-stainless-steel-prices-dip-ahead-of-Lunar-New-Year.html,Singapore,2020-01-16,07:10,2020-01-16 07:10:00
4,Nickel,LIVE FUTURES REPORT 16/01," SHFE base metal prices broadly strengthen after US, China sign trade deal; copper little changed",https://metalbulletin.com/Article/3914202/Nickel/LIVE-FUTURES-REPORT-1601-SHFE-base-metal-prices-broadly-strengthen-after-US-China-sign-trade-deal.html,Shanghai,2020-01-16,05:47,2020-01-16 05:47:00
5,Nickel,LIVE FUTURES REPORT 15/01," Strong buying sees LME lead price soar 2.5%; nickel back above $14,000",https://metalbulletin.com/Article/3914172/Nickel/LIVE-FUTURES-REPORT-1501-Strong-buying-sees-LME-lead-price-soar-25-nickel-back-above-14000.html,London,2020-01-15,18:00,2020-01-15 18:00:00
6,Nickel,HOTTER ON METALS, Shining a light on warehouse cancellations ,https://metalbulletin.com/Article/3914169/Nickel/HOTTER-ON-METALS-Shining-a-light-on-warehouse-cancellations.html,New York,2020-01-15,17:31,2020-01-15 17:31:00
7,Nickel,BASE METALS WARRANT REPORT 15/01,BASE METALS WARRANT REPORT 15/01,https://metalbulletin.com/Article/3914133/Nickel/BASE-METALS-WARRANT-REPORT-1501.html,London,2020-01-15,17:14,2020-01-15 17:14:00
8,Nickel,LIVE FUTURES REPORT 15/01, LME lead price climbs 1% in continued uptick; Al unmoved despite 52kt fresh cancelation,https://metalbulletin.com/Article/3913978/Nickel/LIVE-FUTURES-REPORT-1501-LME-lead-price-climbs-1-in-continued-uptick-Al-unmoved-despite-52kt-fresh.html,London,2020-01-15,10:14,2020-01-15 10:14:00
9,Nickel,GLOBAL NICKEL WRAP," US briquette premium continues upward trajectory; Europe, China quiet [CORRECTED]",https://metalbulletin.com/Article/3913973/Nickel/GLOBAL-NICKEL-WRAP-US-briquette-premium-continues-upward-trajectory-Europe-China-quiet-[CORRECTED].html,"Shanghai, London, New York",2020-01-15,09:58,2020-01-15 09:58:00
10,Nickel,LIVE FUTURES REPORT 15/01, Most SHFE base metals prices edge higher on trade optimism,https://metalbulletin.com/Article/3913969/Nickel/LIVE-FUTURES-REPORT-1501-Most-SHFE-base-metals-prices-edge-higher-on-trade-optimism.html,Shanghai,2020-01-15,04:42,2020-01-15 04:42:00
11,Nickel,IN CASE YOU MISSED IT, 5 key stories from January 14,https://metalbulletin.com/Article/3913956/Nickel/IN-CASE-YOU-MISSED-IT-5-key-stories-from-January-14.html,New York,2020-01-15,00:05,2020-01-15 00:05:00
12,Nickel,WEEKLY BASE METAL PREMIUMS REPORT, 14/01,https://metalbulletin.com/Article/3913920/Nickel/WEEKLY-BASE-METAL-PREMIUMS-REPORT-1401.html,"London, Shanghai, New York, Singapore, Sao Paolo",2020-01-14,22:34,2020-01-14 22:34:00
13,Nickel,LIVE FUTURES REPORT 14/01, LME copper price hits 9-mth high; lead up 2%,https://metalbulletin.com/Article/3913929/Nickel/LIVE-FUTURES-REPORT-1401-LME-copper-price-hits-9-mth-high-lead-up-2.html,London,2020-01-14,18:20,2020-01-14 18:20:00
14,Nickel,LIVE FUTURES REPORT 14/01, LME nickel price sinks 3% on selling pressure; copper holds gains ,https://metalbulletin.com/Article/3913792/Nickel/LIVE-FUTURES-REPORT-1401-LME-nickel-price-sinks-3-on-selling-pressure-copper-holds-gains.html,London,2020-01-14,10:18,2020-01-14 10:18:00
15,Nickel,LIVE FUTURES REPORT 14/01,Nickel leads SHFE base metals downward; copper up by 0.5%,https://metalbulletin.com/Article/3913771/Nickel/LIVE-FUTURES-REPORT-1401-Nickel-leads-SHFE-base-metals-downward-copper-up-by-05.html,Shanghai,2020-01-14,05:20,2020-01-14 05:20:00
16,Nickel,LIVE FUTURES REPORT 13/01,"LME copper nears $6,300/t in 1.3% uptick; outflows fail to bolster Al",https://metalbulletin.com/Article/3913741/Nickel/LIVE-FUTURES-REPORT-1301-LME-copper-nears-6300t-in-13-uptick-outflows-fail-to-bolster-Al.html,London,2020-01-13,17:45,2020-01-13 17:45:00
17,Nickel,LIVE FUTURES REPORT 13/01,LME nickel price pushes higher amid fresh cancelation; Al weak despite outflows,https://metalbulletin.com/Article/3913581/Nickel/LIVE-FUTURES-REPORT-1301-LME-nickel-price-pushes-higher-amid-fresh-cancelation-Al-weak-despite.html,London,2020-01-13,10:31,2020-01-13 10:31:00
18,Nickel,LIVE FUTURES REPORT 13/01,"SHFE base metals prices subdued; Al slumps 1.2%, Ni rises 1%",https://metalbulletin.com/Article/3913565/Nickel/LIVE-FUTURES-REPORT-1301-SHFE-base-metals-prices-subdued-Al-slumps-12-Ni-rises-1.html,Singapore,2020-01-13,05:41,2020-01-13 05:41:00
19,Nickel,LIVE FUTURES REPORT 10/01,"LME base metals consolidate higher on low turnover; Al stays above $1,800",https://metalbulletin.com/Article/3913528/Nickel/LIVE-FUTURES-REPORT-1001-LME-base-metals-consolidate-higher-on-low-turnover-Al-stays-above-1800.html,London,2020-01-10,18:35,2020-10-01 18:35:00
20,Nickel,BATTERY RAW MATERIALS MARKET REPORT 10/01,Cobalt prices track higher on strong buying,https://metalbulletin.com/Article/3913519/Nickel/BATTERY-RAW-MATERIALS-MARKET-REPORT-1001-Cobalt-prices-track-higher-on-strong-buying.html,"Shanghai, Beijing, London",2020-01-10,17:45,2020-10-01 17:45:00
21,Nickel,PEOPLE MOVES,Gerald copper trader Markus Hazell joins Hartree Partners,https://metalbulletin.com/Article/3913524/Nickel/PEOPLE-MOVES-Gerald-copper-trader-Markus-Hazell-joins-Hartree-Partners.html,London,2020-01-10,17:40,2020-10-01 17:40:00
22,Nickel,SHFE STOCKS REPORT 10/01,Mixed movements in stocks,https://metalbulletin.com/Article/3913083/Nickel/SHFE-STOCKS-REPORT-1001-Mixed-movements-in-stocks.html,Shanghai,2020-01-10,11:05,2020-10-01 11:05:00
23,Nickel,LIVE FUTURES REPORT 10/01,Stock volatility fails to bolster LME Al; tin leads gains in low-vol trade,https://metalbulletin.com/Article/3913079/Nickel/LIVE-FUTURES-REPORT-1001-Stock-volatility-fails-to-bolster-LME-Al-tin-leads-gains-in-low-vol-trade.html,London,2020-01-10,10:42,2020-10-01 10:42:00
24,Nickel,LIVE FUTURES REPORT 10/01,SHFE base metals prices consolidate as focus turns to US jobs report,https://metalbulletin.com/Article/3913048/Nickel/LIVE-FUTURES-REPORT-1001-SHFE-base-metals-prices-consolidate-as-focus-turns-to-US-jobs-report.html,Shanghai,2020-01-10,04:50,2020-10-01 04:50:00
25,Nickel,LIVE FUTURES REPORT 09/01,"Stock inflow tempers LME zinc under $2,400/t; Al consolidates",https://metalbulletin.com/Article/3913018/Nickel/LIVE-FUTURES-REPORT-0901-Stock-inflow-tempers-LME-zinc-under-2400t-Al-consolidates.html,London,2020-01-09,18:10,2020-09-01 18:10:00
26,Nickel,LIVE FUTURES REPORT 09/01,"LME aluminium price holds below $1,800/t despite 120kt fresh cancelation; nickel rallies above $14k/t",https://metalbulletin.com/Article/3912875/Nickel/LIVE-FUTURES-REPORT-0901-LME-aluminium-price-holds-below-1800t-despite-120kt-fresh-cancelation-nickel.html,London,2020-01-09,10:32,2020-09-01 10:32:00
27,Nickel,LIVE FUTURES REPORT 09/01,SHFE base metals prices mixed amid easing US-Iran tensions,https://metalbulletin.com/Article/3912866/Nickel/LIVE-FUTURES-REPORT-0901-SHFE-base-metals-prices-mixed-amid-easing-US-Iran-tensions.html,Shanghai,2020-01-09,05:08,2020-09-01 05:08:00
28,Nickel,IN CASE YOU MISSED IT,5 key stories from January 8,https://metalbulletin.com/Article/3912858/Nickel/IN-CASE-YOU-MISSED-IT-5-key-stories-from-January-8.html,New York,2020-01-09,00:05,2020-09-01 00:05:00
29,Nickel,BASE METALS WARRANT REPORT 08/01,BASE METALS WARRANT REPORT 08/01,https://metalbulletin.com/Article/3912758/Nickel/BASE-METALS-WARRANT-REPORT-0801.html,London,2020-01-08,20:40,2020-08-01 20:40:00
30,Nickel,LIVE FUTURES REPORT 08/01,"LME zinc surpasses $2,400/t in rally; turnover hits 4-mth high",https://metalbulletin.com/Article/3912835/Nickel/LIVE-FUTURES-REPORT-0801-LME-zinc-surpasses-2400t-in-rally-turnover-hits-4-mth-high.html,London,2020-01-08,18:00,2020-08-01 18:00:00
31,Nickel,GLOBAL NICKEL WRAP,US briquette premium edges higher; other markets quiet to start the year,https://metalbulletin.com/Article/3912825/Nickel/GLOBAL-NICKEL-WRAP-US-briquette-premium-edges-higher-other-markets-quiet-to-start-the-year.html,"New York, London, Shanghai",2020-01-08,17:26,2020-08-01 17:26:00
32,Nickel,"Brazil's Atlantic Nickel to reach full capacity by Q2, ceo says","Brazil's Atlantic Nickel to reach full capacity by Q2, ceo says",https://metalbulletin.com/Article/3912730/Nickel/Brazils-Atlantic-Nickel-to-reach-full-capacity-by-Q2-ceo-says.html,São Paulo,2020-01-08,15:46,2020-08-01 15:46:00
33,Nickel,LIVE FUTURES REPORT 08/01,Fresh 4.6kt inflow tempers LME nickel price; Al dips despite outflows,https://metalbulletin.com/Article/3912658/Nickel/LIVE-FUTURES-REPORT-0801-Fresh-46kt-inflow-tempers-LME-nickel-price-Al-dips-despite-outflows.html,London,2020-01-08,10:24,2020-08-01 10:24:00
34,Nickel,LIVE FUTURES REPORT 08/01,SHFE base metals prices hold up well despite flare-up in US-Iran tensions,https://metalbulletin.com/Article/3912654/Nickel/LIVE-FUTURES-REPORT-0801-SHFE-base-metals-prices-hold-up-well-despite-flare-up-in-US-Iran-tensions.html,Shanghai,2020-01-08,07:38,2020-08-01 07:38:00
35,Nickel,WEEKLY BASE METAL PREMIUMS REPORT,07/01,https://metalbulletin.com/Article/3912621/Nickel/WEEKLY-BASE-METAL-PREMIUMS-REPORT-0701.html,"Singapore, New York, Shanghai, London, Sao Paolo",2020-01-07,21:16,2020-07-01 21:16:00
36,Nickel,LIVE FUTURES REPORT 07/01,"LME zinc price gains top complex in thin trading day; Al closes above $1,800/t",https://metalbulletin.com/Article/3912623/Nickel/LIVE-FUTURES-REPORT-0701-LME-zinc-price-gains-top-complex-in-thin-trading-day-Al-closes-above-1800t.html,London,2020-01-07,18:02,2020-07-01 18:02:00
37,Nickel,LIVE FUTURES REPORT 07/01,LME nickel nears $14k/t in steady uptick; zinc holds,https://metalbulletin.com/Article/3912459/Nickel/LIVE-FUTURES-REPORT-0701-LME-nickel-nears-14kt-in-steady-uptick-zinc-holds.html,London,2020-01-07,10:15,2020-07-01 10:15:00
38,Nickel,LIVE FUTURES REPORT 07/01,"SHFE base metals prices broadly up, geopolitical tensions cap gains",https://metalbulletin.com/Article/3912450/Nickel/LIVE-FUTURES-REPORT-0701-SHFE-base-metals-prices-broadly-up-geopolitical-tensions-cap-gains.html,Shanghai,2020-01-07,05:35,2020-07-01 05:35:00
39,Nickel,LIVE FUTURES REPORT 06/01,LME Al price hits 6-mth high despite 30kt rewarranting; C/3M widens,https://metalbulletin.com/Article/3912426/Nickel/LIVE-FUTURES-REPORT-0601-LME-Al-price-hits-6-mth-high-despite-30kt-rewarranting-C3M-widens.html,London,2020-01-06,17:54,2020-06-01 17:54:00
40,Nickel,Atlantic Nickel makes first nickel concentrate sale in Trafigura offtake,Atlantic Nickel makes first nickel concentrate sale in Trafigura offtake,https://metalbulletin.com/Article/3912364/Nickel/Atlantic-Nickel-makes-first-nickel-concentrate-sale-in-Trafigura-offtake.html,London,2020-01-06,16:59,2020-06-01 16:59:00
0,Cobalt,IN CASE YOU MISSED IT, 5 key stories from January 16,https://metalbulletin.com/Article/3914401/Cobalt/IN-CASE-YOU-MISSED-IT-5-key-stories-from-January-16.html,New York,2020-01-17,00:05,2020-01-17 00:05:00
1,Cobalt,COBALT HYDROXIDE SNAPSHOT, Tighter spot supply pushes up hydroxide payables ,https://metalbulletin.com/Article/3914205/Cobalt/COBALT-HYDROXIDE-SNAPSHOT-Tighter-spot-supply-pushes-up-hydroxide-payables.html,"London, Shanghai",2020-01-16,17:40,2020-01-16 17:40:00
2,Cobalt,Deziwa’s copper production comes online; cobalt output expected in late Q1,Deziwa’s copper production comes online; cobalt output expected in late Q1,https://metalbulletin.com/Article/3914201/Cobalt/Deziwas-copper-production-comes-online-cobalt-output-expected-in-late-Q1.html,Shanghai,2020-01-16,09:38,2020-01-16 09:38:00
3,Cobalt,CHINA COBALT SNAPSHOT, Sulfate price edges higher as producers hold back from selling,https://metalbulletin.com/Article/3914207/Cobalt/CHINA-COBALT-SNAPSHOT-Sulfate-price-edges-higher-as-producers-hold-back-from-selling.html,Shanghai,2020-01-16,07:20,2020-01-16 07:20:00
4,Cobalt,"Active spot buying, China rally spurs increase in benchmark cobalt prices ","Active spot buying, China rally spurs increase in benchmark cobalt prices ",https://metalbulletin.com/Article/3912897/Cobalt/Active-spot-buying-China-rally-spurs-increase-in-benchmark-cobalt-prices.html,London,2020-01-09,15:36,2020-01-09 15:36:00
5,Cobalt,IN CASE YOU MISSED IT,5 key stories from January 13,https://metalbulletin.com/Article/3913758/Cobalt/IN-CASE-YOU-MISSED-IT-5-key-stories-from-January-13.html,New York,2020-01-14,00:05,2020-01-14 00:05:00
6,Cobalt,FOCUS,Chinese cobalt sulfate price underpinned despite near-term EV demand uncertainty,https://metalbulletin.com/Article/3913561/Cobalt/FOCUS-Chinese-cobalt-sulfate-price-underpinned-despite-near-term-EV-demand-uncertainty.html,Shanghai,2020-01-13,10:40,2020-01-13 10:40:00
7,Cobalt,COBALT SNAPSHOT,Metal prices firm again as New Year buying continues,https://metalbulletin.com/Article/3913533/Cobalt/COBALT-SNAPSHOT-Metal-prices-firm-again-as-New-Year-buying-continues.html,London,2020-01-10,19:50,2020-10-01 19:50:00
8,Cobalt,BATTERY RAW MATERIALS MARKET REPORT 10/01,Cobalt prices track higher on strong buying,https://metalbulletin.com/Article/3913519/Cobalt/BATTERY-RAW-MATERIALS-MARKET-REPORT-1001-Cobalt-prices-track-higher-on-strong-buying.html,"Shanghai, Beijing, London",2020-01-10,17:45,2020-10-01 17:45:00
9,Cobalt,FREE WEB SEMINAR,"Cobalt pricing - volatility, spot volumes and increasing frequency",https://metalbulletin.com/Article/3906922/Cobalt/FREE-WEB-SEMINAR-Cobalt-pricing-volatility-spot-volumes-and-increasing-frequency.html,London,2020-01-09,16:04,2020-09-01 16:04:00
10,Cobalt,"Active spot buying, China rally spurs increase in benchmark cobalt prices","Active spot buying, China rally spurs increase in benchmark cobalt prices",https://metalbulletin.com/Article/3912897/Cobalt/Active-spot-buying-China-rally-spurs-increase-in-benchmark-cobalt-prices.html,London,2020-01-09,15:36,2020-09-01 15:36:00
11,Cobalt,COBALT HYDROXIDE SNAPSHOT,"Rising downstream sulfate prices, benchmark metal prices boost spot demand",https://metalbulletin.com/Article/3912865/Cobalt/COBALT-HYDROXIDE-SNAPSHOT-Rising-downstream-sulfate-prices-benchmark-metal-prices-boost-spot-demand.html,"London, Shanghai",2020-01-09,05:44,2020-09-01 05:44:00
12,Cobalt,Trade log January,Cobalt sulfate,https://metalbulletin.com/Article/3912277/Cobalt/Trade-log-January-Cobalt-sulfate.html,Shanghai,2020-01-09,05:12,2020-09-01 05:12:00
13,Cobalt,"Stock market rally, pre-holiday restocking pushes China’s cobalt metal price upward","Stock market rally, pre-holiday restocking pushes China’s cobalt metal price upward",https://metalbulletin.com/Article/3912275/Cobalt/Stock-market-rally-pre-holiday-restocking-pushes-Chinas-cobalt-metal-price-upward.html,Shanghai,2020-01-06,10:37,2020-06-01 10:37:00
14,Cobalt,Trade log January 2020,Cobalt,https://metalbulletin.com/Article/3912201/Cobalt/Trade-log-January-2020-Cobalt.html,London,2020-01-03,16:27,2020-03-01 16:27:00
15,Cobalt,BATTERY RAW MATERIALS MARKET REPORT 03/01,China cobalt market buoyed by pre-Lunar New Year restocking,https://metalbulletin.com/Article/3912133/Cobalt/BATTERY-RAW-MATERIALS-MARKET-REPORT-0301-China-cobalt-market-buoyed-by-pre-Lunar-New-Year-restocking.html,"Shanghai, Beijing, London",2020-01-03,16:19,2020-03-01 16:19:00
16,Cobalt,PRICING NOTICE,"Proposal to discontinue China cobalt sulfate, exw standard-grade adjustment",https://metalbulletin.com/Article/3910947/Cobalt/PRICING-NOTICE-Proposal-to-discontinue-China-cobalt-sulfate-exw-standard-grade-adjustment.html,Shanghai,2020-01-03,10:03,2020-03-01 10:03:00
17,Cobalt,IN CASE YOU MISSED IT,5 key stories from January 2,https://metalbulletin.com/Article/3911915/Cobalt/IN-CASE-YOU-MISSED-IT-5-key-stories-from-January-2.html,New York,2020-01-03,00:05,2020-03-01 00:05:00
18,Cobalt,PEOPLE MOVES,Patricia Nikolopoulos becomes CFO at metals trader Gerald Group,https://metalbulletin.com/Article/3911905/Cobalt/PEOPLE-MOVES-Patricia-Nikolopoulos-becomes-CFO-at-metals-trader-Gerald-Group.html,London,2020-01-02,17:15,2020-02-01 17:15:00
19,Cobalt,New minor metal exchange opens in Ganzhou,New minor metal exchange opens in Ganzhou,https://metalbulletin.com/Article/3911903/Cobalt/New-minor-metal-exchange-opens-in-Ganzhou.html,London,2020-01-02,16:51,2020-02-01 16:51:00
20,Cobalt,FANYA AUCTIONS ROLLING REPORT,Track the results of minor metals sales,https://metalbulletin.com/Article/3899362/Cobalt/FANYA-AUCTIONS-ROLLING-REPORT-Track-the-results-of-minor-metals-sales.html,"London, Shanghai",2020-01-02,12:23,2020-02-01 12:23:00
21,Cobalt,2020 PREVIEW,Shifts in cobalt hydroxide procurement preferences leave door open to Asia spot trading hub,https://metalbulletin.com/Article/3908969/Cobalt/2020-PREVIEW-Shifts-in-cobalt-hydroxide-procurement-preferences-leave-door-open-to-Asia-spot-trading.html,London,2020-01-02,07:55,2020-02-01 07:55:00
22,Cobalt,BATTERY RAW MATERIALS MARKET REPORT 27/12,Cobalt sulfate producers raise offers amid demand uptick,https://metalbulletin.com/Article/3910974/Cobalt/BATTERY-RAW-MATERIALS-MARKET-REPORT-2712-Cobalt-sulfate-producers-raise-offers-amid-demand-uptick.html,Shanghai,2019-12-27,15:48,2019-12-27 15:48:00
23,Cobalt,Trade log December 2019,Cobalt sulfate,https://metalbulletin.com/Article/3909323/Cobalt/Trade-log-December-2019-Cobalt-sulfate.html,Shanghai,2019-12-27,09:03,2019-12-27 09:03:00
24,Cobalt,CHINA COBALT SNAPSHOT,Sulfate prices rebound amid demand uptick,https://metalbulletin.com/Article/3910944/Cobalt/CHINA-COBALT-SNAPSHOT-Sulfate-prices-rebound-amid-demand-uptick.html,Shanghai,2019-12-26,03:12,2019-12-26 03:12:00
25,Cobalt,Katanga to buy land rights from Gécamines,Katanga to buy land rights from Gécamines,https://metalbulletin.com/Article/3910793/Cobalt/Katanga-to-buy-land-rights-from-Gcamines.html,London,2019-12-24,12:30,2019-12-24 12:30:00
26,Cobalt,FASTMARKETS MB DAILY PDF,FASTMARKETS MB DAILY PDF,https://metalbulletin.com/Article/3910608/Cobalt/FASTMARKETS-MB-DAILY-PDF.html,London,2019-12-23,09:05,2019-12-23 09:05:00
27,Cobalt,Trade log December 2019,Cobalt,https://metalbulletin.com/Article/3907438/Cobalt/Trade-log-December-2019-Cobalt.html,London,2019-12-20,17:43,2019-12-20 17:43:00
28,Cobalt,BATTERY RAW MATERIALS MARKET REPORT 20/12,Lithium sellers cut offers to boost year-end sales,https://metalbulletin.com/Article/3910547/Cobalt/BATTERY-RAW-MATERIALS-MARKET-REPORT-2012-Lithium-sellers-cut-offers-to-boost-year-end-sales.html,"Beijing, Shanghai, London",2019-12-20,17:24,2019-12-20 17:24:00
29,Cobalt,Cobalt prices diverge amid fresh alloy-grade metal inquiries,Cobalt prices diverge amid fresh alloy-grade metal inquiries,https://metalbulletin.com/Article/3910049/Cobalt/Cobalt-prices-diverge-amid-fresh-alloy-grade-metal-inquiries.html,London,2019-12-19,11:55,2019-12-19 11:55:00
30,Cobalt,2019 REVIEW,ESG issues no longer niche,https://metalbulletin.com/Article/3906142/Cobalt/2019-REVIEW-ESG-issues-no-longer-niche.html,New York,2019-12-16,13:30,2019-12-16 13:30:00
0,Lithium,Investors turn bullish on lithium companies ahead of China's 2020 NEV policy,Investors turn bullish on lithium companies ahead of China's 2020 NEV policy,https://metalbulletin.com/Article/3914131/Lithium/Investors-turn-bullish-on-lithium-companies-ahead-of-Chinas-2020-NEV-policy.html,London,2020-01-15,15:51,2020-01-15 15:51:00
1,Lithium,China starts 2020 NEV subsidy talks in bid to 'build confidence in industry' ,China starts 2020 NEV subsidy talks in bid to 'build confidence in industry' ,https://metalbulletin.com/Article/3913804/Lithium/China-starts-2020-NEV-subsidy-talks-in-bid-to-build-confidence-in-industry.html,Beijing,2020-01-14,10:23,2020-01-14 10:23:00
2,Lithium,Galaxy Resources misses spodumene sales target,Galaxy Resources misses spodumene sales target,https://metalbulletin.com/Article/3913796/Lithium/Galaxy-Resources-misses-spodumene-sales-target.html,Beijing,2020-01-14,10:06,2020-01-14 10:06:00
3,Lithium,BATTERY RAW MATERIALS MARKET REPORT 10/01,Cobalt prices track higher on strong buying,https://metalbulletin.com/Article/3913519/Lithium/BATTERY-RAW-MATERIALS-MARKET-REPORT-1001-Cobalt-prices-track-higher-on-strong-buying.html,"Shanghai, Beijing, London",2020-01-10,17:45,2020-10-01 17:45:00
4,Lithium,GLOBAL LITHIUM WRAP,"Seaborne Asian hydroxide price falls; European, US prices tumble but 'close to bottom'",https://metalbulletin.com/Article/3913090/Lithium/GLOBAL-LITHIUM-WRAP-Seaborne-Asian-hydroxide-price-falls-European-US-prices-tumble-but-close-to.html,"London, Beijing",2020-01-10,12:15,2020-10-01 12:15:00
5,Lithium,Nemaska bankruptcy protection filing threatens to stall investments in lithium projects,Nemaska bankruptcy protection filing threatens to stall investments in lithium projects,https://metalbulletin.com/Article/3913031/Lithium/Nemaska-bankruptcy-protection-filing-threatens-to-stall-investments-in-lithium-projects.html,London,2020-01-09,21:20,2020-09-01 21:20:00
6,Lithium,"Livent 'reviews expansion plans' on falling lithium prices, lowers revenue guidance","Livent 'reviews expansion plans' on falling lithium prices, lowers revenue guidance",https://metalbulletin.com/Article/3912697/Lithium/Livent-reviews-expansion-plans-on-falling-lithium-prices-lowers-revenue-guidance.html,Beijing,2020-01-08,13:36,2020-08-01 13:36:00
7,Lithium,BATTERY RAW MATERIALS MARKET REPORT 03/01,China cobalt market buoyed by pre-Lunar New Year restocking,https://metalbulletin.com/Article/3912133/Lithium/BATTERY-RAW-MATERIALS-MARKET-REPORT-0301-China-cobalt-market-buoyed-by-pre-Lunar-New-Year-restocking.html,"Shanghai, Beijing, London",2020-01-03,16:19,2020-03-01 16:19:00
8,Lithium,SQM faces fresh legal setback in Atacama lithium expansion,SQM faces fresh legal setback in Atacama lithium expansion,https://metalbulletin.com/Article/3912163/Lithium/SQM-faces-fresh-legal-setback-in-Atacama-lithium-expansion.html,London,2020-01-03,15:25,2020-03-01 15:25:00
9,Lithium,GLOBAL LITHIUM WRAP,Battery-grade lithium markets have a quiet start to 2020,https://metalbulletin.com/Article/3911945/Lithium/GLOBAL-LITHIUM-WRAP-Battery-grade-lithium-markets-have-a-quiet-start-to-2020.html,"London, Beijing",2020-01-03,11:44,2020-03-01 11:44:00
10,Lithium,Trade log January 2020,Lithium,https://metalbulletin.com/Article/3911753/Lithium/Trade-log-January-2020-Lithium.html,Beijing,2020-01-02,16:00,2020-02-01 16:00:00
11,Lithium,BATTERY RAW MATERIALS MARKET REPORT 27/12,Cobalt sulfate producers raise offers amid demand uptick,https://metalbulletin.com/Article/3910974/Lithium/BATTERY-RAW-MATERIALS-MARKET-REPORT-2712-Cobalt-sulfate-producers-raise-offers-amid-demand-uptick.html,Shanghai,2019-12-27,15:48,2019-12-27 15:48:00
12,Lithium,Trade log December 2019,Lithium,https://metalbulletin.com/Article/3907741/Lithium/Trade-log-December-2019-Lithium.html,Beijing,2019-12-26,09:43,2019-12-26 09:43:00
13,Lithium,BATTERY RAW MATERIALS MARKET REPORT 20/12,Lithium sellers cut offers to boost year-end sales,https://metalbulletin.com/Article/3910547/Lithium/BATTERY-RAW-MATERIALS-MARKET-REPORT-2012-Lithium-sellers-cut-offers-to-boost-year-end-sales.html,"Beijing, Shanghai, London",2019-12-20,17:24,2019-12-20 17:24:00
14,Lithium,"Auto OEMs looking for more price visibility in lithium, Albemarle says","Auto OEMs looking for more price visibility in lithium, Albemarle says",https://metalbulletin.com/Article/3909877/Lithium/Auto-OEMs-looking-for-more-price-visibility-in-lithium-Albemarle-says.html,London,2019-12-18,15:25,2019-12-18 15:25:00
15,Lithium,BATTERY RAW MATERIALS MARKET REPORT 13/12,Cobalt prices slide despite increase in consumer bookings,https://metalbulletin.com/Article/3909270/Lithium/BATTERY-RAW-MATERIALS-MARKET-REPORT-1312-Cobalt-prices-slide-despite-increase-in-consumer-bookings.html,"Beijing, Shanghai, London",2019-12-13,16:47,2019-12-13 16:47:00
16,Lithium,GLOBAL LITHIUM WRAP,Year-end destocking keeps China’s carbonate price weak,https://metalbulletin.com/Article/3909043/Lithium/GLOBAL-LITHIUM-WRAP-Year-end-destocking-keeps-Chinas-carbonate-price-weak.html,"London, Beijing",2019-12-13,12:32,2019-12-13 12:32:00
17,Lithium,"China’s NEV output, sales in fifth consecutive annual decline in November","China’s NEV output, sales in fifth consecutive annual decline in November",https://metalbulletin.com/Article/3908841/Lithium/Chinas-NEV-output-sales-in-fifth-consecutive-annual-decline-in-November.html,Not Available,2019-12-12,12:49,2019-12-12 12:49:00
18,Lithium,Ganfeng Lithium signs supply agreement with BMW,Ganfeng Lithium signs supply agreement with BMW,https://metalbulletin.com/Article/3908838/Lithium/Ganfeng-Lithium-signs-supply-agreement-with-BMW.html,Beijing,2019-12-12,11:41,2019-12-12 11:41:00
19,Lithium,European Commission approves major lithium-ion subsidy scheme,European Commission approves major lithium-ion subsidy scheme,https://metalbulletin.com/Article/3908568/Lithium/European-Commission-approves-major-lithium-ion-subsidy-scheme.html,London,2019-12-10,17:34,2019-10-12 17:34:00
20,Lithium,BATTERY RAW MATERIALS MARKET REPORT 06/12,Cobalt payables stabilize amid increased inquiries; lithium sellers offload,https://metalbulletin.com/Article/3908028/Lithium/BATTERY-RAW-MATERIALS-MARKET-REPORT-0612-Cobalt-payables-stabilize-amid-increased-inquiries-lithium.html,"Shanghai, Beijing, London",2019-12-06,16:44,2019-06-12 16:44:00
0,Rubber,Rubber prices remain bullish for a long time,Rubber prices remain bullish for a long time,https://globalrubbermarkets.com/193147/rubber-prices-remain-bullish-for-a-long-time-2.html,Not Available,2020-01-16,05:32,2020-01-16 05:32:00
1,Rubber,Rubber prices remain bullish for a long time,Rubber prices remain bullish for a long time,https://globalrubbermarkets.com/193140/rubber-prices-remain-bullish-for-a-long-time.html,Not Available,2020-01-16,05:29,2020-01-16 05:29:00
2,Rubber,Low rubber buyback,Low rubber buyback,https://globalrubbermarkets.com/193138/low-rubber-buyback.html,Not Available,2020-01-16,05:28,2020-01-16 05:28:00
3,Rubber,Southeast Asia rubber fungus has auto industry bracing for shortage,Southeast Asia rubber fungus has auto industry bracing for shortage,https://globalrubbermarkets.com/193130/southeast-asia-rubber-fungus-has-auto-industry-bracing-for-shortage.html,Not Available,2020-01-16,05:11,2020-01-16 05:11:00
4,Rubber,Malaysia, Rubber output rose 1.6% in November 2019,https://globalrubbermarkets.com/193127/malaysia-rubber-output-rose-1-6-in-november-2019.html,Not Available,2020-01-16,05:09,2020-01-16 05:09:00
5,Rubber,India Rubber," Settles higher on ICEX on gains in spot, TOCOM",https://globalrubbermarkets.com/193119/india-rubber-settles-higher-on-icex-on-gains-in-spot-tocom-2.html,Not Available,2020-01-16,05:07,2020-01-16 05:07:00
6,Rubber,Tokyo rubber down,Tokyo rubber down,https://globalrubbermarkets.com/193116/tokyo-rubber-down-2.html,Not Available,2020-01-16,05:01,2020-01-16 05:01:00
7,Rubber,India, Spot rubber remains bullish,https://globalrubbermarkets.com/193115/india-spot-rubber-remains-bullish.html,Not Available,2020-01-16,05:01,2020-01-16 05:01:00
8,Rubber,Global rubber demand is expected to grow by 2.6% in 2020,Global rubber demand is expected to grow by 2.6% in 2020,https://globalrubbermarkets.com/192215/global-rubber-demand-is-expected-to-grow-by-2-6-in-2020.html,Not Available,2020-01-10,05:27,2020-10-01 05:27:00
9,Rubber,Crude oil prices in the Middle East cause rubber futures prices to rise slightly,Crude oil prices in the Middle East cause rubber futures prices to rise slightly,https://globalrubbermarkets.com/192213/crude-oil-prices-in-the-middle-east-cause-rubber-futures-prices-to-rise-slightly.html,Not Available,2020-01-10,05:27,2020-10-01 05:27:00
10,Rubber,Rubber maintains strong shock,Rubber maintains strong shock,https://globalrubbermarkets.com/192211/rubber-maintains-strong-shock.html,Not Available,2020-01-10,05:26,2020-10-01 05:26:00
11,Rubber,Natural rubber shock upward,Natural rubber shock upward,https://globalrubbermarkets.com/192207/natural-rubber-shock-upward.html,Not Available,2020-01-10,05:25,2020-10-01 05:25:00
12,Rubber,The rubber pullback encounters support and can be dominated by dips,The rubber pullback encounters support and can be dominated by dips,https://globalrubbermarkets.com/192205/the-rubber-pullback-encounters-support-and-can-be-dominated-by-dips.html,Not Available,2020-01-10,05:25,2020-10-01 05:25:00
13,Rubber,Global rubber demand to recover in 2020,Global rubber demand to recover in 2020,https://globalrubbermarkets.com/191740/global-rubber-demand-to-recover-in-2020.html,Not Available,2020-01-08,05:22,2020-08-01 05:22:00
14,Rubber,"Cambodia exports more than 230,000 tons of rubber in November","Cambodia exports more than 230,000 tons of rubber in November",https://globalrubbermarkets.com/191736/cambodia-exports-more-than-230000-tons-of-rubber-in-november.html,Not Available,2020-01-08,05:20,2020-08-01 05:20:00
15,Rubber,Hujiao rhythm pattern has good support and solid foundation,Hujiao rhythm pattern has good support and solid foundation,https://globalrubbermarkets.com/191734/hujiao-rhythm-pattern-has-good-support-and-solid-foundation.html,Not Available,2020-01-08,05:19,2020-08-01 05:19:00
16,Rubber,India Rubber,"Up on ICEX tracking spot markets, gains on TOCOM",https://globalrubbermarkets.com/191732/india-rubber-up-on-icex-tracking-spot-markets-gains-on-tocom-2.html,Not Available,2020-01-08,05:15,2020-08-01 05:15:00
17,Rubber,Spot rubber continued to remain neutral despite firm closing in domestic futures,Spot rubber continued to remain neutral despite firm closing in domestic futures,https://globalrubbermarkets.com/191551/spot-rubber-continued-to-remain-neutral-despite-firm-closing-in-domestic-futures.html,Not Available,2020-01-07,11:15,2020-07-01 11:15:00
